title,desc,tags
真的没人‼️西湖边zui舒服的citywalk路线,#国庆我要慢慢玩[话题]# 西湖的美不仅在于湖 还在于围绕着西湖的群山⛰️ 杭州生活12年 走遍了西湖的角角落落 分享我zui爱的杭州西湖citywalk路线 人少清净，本地人推荐👍🏻 · 📏步行距离：4.5km（5000步） ⏰全程耗时：3.5h（含游玩时间） 🗺️具体路线：如下 · 1️⃣茅家埠→2️⃣郭庄→3️⃣赵公堤→4️⃣云松书舍→5️⃣植物园南门→6️⃣韩美林艺术馆→7️⃣玉泉景点→8️⃣植物园青芝坞门→9️⃣青芝坞 · 1️⃣茅家埠 🎫：免费 西湖后花园，比起人挤人的西湖南线，茅家埠很幽静，这里看西湖有一种自然的野趣 · 2️⃣小西湖郭庄 🎫：10 西湖四大名园之一，比起苏州园林的精巧，郭庄的美更风雅一些，这里可以边喝茶边赏景，独享一片西湖 · 3️⃣赵公堤 🎫：免费 比起大名鼎鼎的苏堤、白堤，宋代而建的赵公堤几乎没人，曲径通幽，绿意盎然 · 4️⃣云松书舍 🎫：免费 金庸先生的私宅，典型的江南园林风格，有苏州园林的影子，却少了三分雕饰，多了三分古朴温润 · 5️⃣植物园 🎫：10 植物园是杭州zui值得逛的景点之一，面积很大人很少，每个季节都有不同的美，现在彼岸花开得正好 · 6️⃣韩美林艺术馆 🎫：免费，包含在植物园门票内 植物园必打卡的机位之一，藏在艺术馆里的巨型佛头，很有宿命感 · 7️⃣玉泉景点 🎫：免费，包含在植物园门票内 亭台楼阁水榭，这里有很多锦鲤，所以又叫玉泉鱼跃，很治愈 · 9️⃣青芝坞 🎫：免费 浙大旁的老杭州社区，有很多家常杭帮菜、私房菜，也有不少民宿 · ⚠️Tips 我是在圆周旅迹上做的行程攻略，真的很爱这个app💗可以精准的显示每个景点之间的距离，推荐的交通方式🚗和大概需要的时间⌚️，还可以直接唤起导航，再也不怕迷路咯。而且还可以导入🍠的攻略，自动生成路线，系统还会帮你优化，简直就是懒人救星👍🏻 · #J人旅行指南[话题]# #圆周旅迹[话题]# #1分钟搞定旅行规划[话题]# #杭州旅游[话题]# #杭州旅行[话题]# #杭州citywalk[话题]# #西湖[话题]# #西湖美景[话题]# #国庆划得来逛吃指南[话题]# #本地人才知道的小众景点[话题]# #秋日浓度播报[话题]# #杭州拍照[话题]#,"国庆我要慢慢玩, J人旅行指南, 圆周旅迹, 1分钟搞定旅行规划, 杭州旅游, 杭州旅行, 杭州citywalk, 西湖, 西湖美景, 国庆划得来逛吃指南, 本地人才知道的小众景点, 秋日浓度播报, 杭州拍照"
来杭州不要只会逛西湖，这个新地标一定要去,趁着亚运会之前，赶紧去杭州之门打个卡吧~ 作为杭州的城市地标，这是一座以“杭”首字母H作为形状的双塔，俗称“大裤衩”😂 晚上亮了灯之后非常有科技感，朋克味十足🎢 - 亮灯时间：19：30-22：00 地铁：6号线博览中心D口出 - [害羞R]拍照机位1： 出了地铁站D口，走个300米左转有个坡道，沿着坡道上去就到了（坡道上有很多骑行的朋友，需要注意安全~）。上去后视角很宽阔，还可以看到莲花碗 [赞R]拍照机位2： 想要离得更近点，也可以进博览中心展馆里面拍，不过要在8点前上去（有保安看守） [派对R]拍照机位3： A口出，走个十来分钟到正门口（位于奔竞大道） 🤭PS: 夜拍容易有噪点，建议带个闪光灯；如果拍人像的话，最好穿浅色衣服，避免和背景重叠 - 打完卡了还可以去附近的【城市阳台】散步吹江风，看看对面钱江新城的灯光秀~ #周末去哪儿[话题]# #杭州[话题]# #杭州旅行[话题]# #杭州周末去哪儿[话题]# #杭州亚运会[话题]# #杭州之门[话题]# #钱江新城[话题]# #杭州奥体[话题]# #杭州必打卡[话题]# #记录我的城市[话题]##citywalk[话题]# #我的散步影像[话题]#  @摄影薯 #亚运环游攻略[话题]#,"周末去哪儿, 杭州, 杭州旅行, 杭州周末去哪儿, 杭州亚运会, 杭州之门, 钱江新城, 杭州奥体, 杭州必打卡, 记录我的城市, citywalk, 我的散步影像, 亚运环游攻略"
五一避开人挤人‼️一天打卡杭州8个免费景点,除了去西湖、去灵隐寺，还有一条私藏许久的citywalk路线 花一天时间，既能乘坐zui美水上巴士，又能逛吃老杭州感受市井气息，这条避开人流的小众路线赶快收藏好哦！ （⚠️文字攻略在最后） ………… 「CityWalk一日游路线」 坝子桥➟梅花碑➟五柳巷➟德寿宫➟十五奎巷➟大马弄➟鼓楼➟南宋御街➟河坊街 ………… 「关于住宿」 可以选择这三个地方： ①湖滨步行街 ②河坊街 ③黄龙广场 PS：无论是交通还是吃饭都很方便，距离西湖、河坊街非常近 ………… ►►►第1站：水上巴士7号线◄◄◄ 地铁5号线「宝善桥A2口」或者公交「莫衙营站」下车 步行200米抵达「坝子桥水上巴士站」 🎫船票：3r/人，上船刷卡 🚢8人一船（小船），下午16:00那班能坐24人（大船） 	 ►►►第2站：五柳巷◄◄◄ 从梅花碑下船步行5min到五柳巷，沿河而建，一侧是绿荫小路，一侧是老城生活区，充斥着老杭州的市井气息 有几处美食可以打卡： ❶游埠豆浆：咸豆浆、油条、烧饼 ❷金华酥饼：梅干菜烧饼 ❸赵宝美点心店：小馄饨、葱煎包 	 ►►►第3站：德寿宫◄◄◄ 整个场馆分地上和地下两部分，相比较修缮一新的地上宫殿，我geng喜欢地下的慈福宫遗址和重华殿 🎫门票：免费 ⏰开放时间：09:30—17:00 📢公益讲解：上午10:30，下午14:30（游客中心集合） ～必看的两场数字影像（时⌚️间表见视频）～ 	 ►►►第4站：十五奎巷◄◄◄ 解锁拍照机位📍巴尔干客栈（十五奎巷的晓霞弄） 这里能拍到小巷子与望仙阁同框照片～ 	 ►►►第5站：大马弄◄◄◄ 步行5分钟到大马弄，寻找藏在菜市场里的杭州味道 ❶蒋师傅酥鱼 ❷周萍粽子 ❸菊英面店 ❹侯大姐葱包烩 ❺小王油墩儿 ❻素烧鹅 	 ►►►第6站：鼓楼◄◄◄ 临近傍晚，从大马弄步行10分钟抵达鼓楼，比起白天的模样，夜幕下的鼓楼更有感觉 古色古香的建筑配上红色灯笼和盘旋着的金色祥龙，福气满分！ 	 ►►►第7站：南宋御街◄◄◄ 穿过鼓楼，进入清河坊，比起热闹的街巷，我更喜欢呆在「猫空」这样的地方， 	 ►►►第8站：河坊街◄◄◄ 与南宋御街交叉的东西向老街「清河坊」，是杭州唯一保存完整的旧街区 逛完清河坊，可以到旁边的高银街，有很多杭帮菜的餐馆 #五一怎么办[话题]#  #旅游攻略编辑部[话题]#  #五一不扎堆指南[话题]#  #来我家乡玩一天[话题]#  #杭州旅行[话题]#  #杭州旅行攻略[话题]#  #西湖[话题]#  #灵隐寺[话题]#  #京杭大运河[话题]#  #我要反向旅游[话题]#,"五一怎么办, 旅游攻略编辑部, 五一不扎堆指南, 来我家乡玩一天, 杭州旅行, 杭州旅行攻略, 西湖, 灵隐寺, 京杭大运河, 我要反向旅游"
真的没人！西湖走过最舒服的city walk路线！,/ 每个来杭州旅游的人 应该都会去一趟西湖 但是会忽略了西湖边这些人少景美的景点 我推荐你花一天时间 避开人流 来一场city walk 非常舒服惬意~ / ✅City walk路线： 柳浪闻莺→万松书院→虎跑公园→理安寺→韩美林艺术馆 ． 🔶柳浪闻莺： 很喜欢这个翠绿秘境，桥洞+倒影拍照很绝，这个机位藏在公园里，导航“横河桥”就能看到，公园湖边也很美，可以一起逛逛 🔶万松书院： 建议先去白蛇飞渡拍照，空中栈道很出片，再到万松书院，一路往上打卡，雨天更有氛围感~ 🔶虎跑公园： 本人超爱的氛围感公园，来这里感觉心都静了，虎跑泉水很甘甜，很多人会来这里取水回家 🔶理安寺： 相比灵隐寺的人挤人，我更推荐这个无人仙境 🔶韩美林艺术馆： 藏在植物园里的艺术馆，巨大的佛头拍照赞爆朋友圈，建议早点来，可以避开人群~ #小众旅行地[话题]# #杭州拍照[话题]# #西湖美景如画[话题]# #杭州打卡[话题]# #杭州旅游攻略[话题]# #杭州citywalk[话题]# #杭州拍照打卡[话题]# #反向旅行出门溜溜[话题]# #新年旅行第一站[话题]#,"小众旅行地, 杭州拍照, 西湖美景如画, 杭州打卡, 杭州旅游攻略, 杭州citywalk, 杭州拍照打卡, 反向旅行出门溜溜, 新年旅行第一站"
这条citywalk路线，又浪漫又好吃又好逛❤️,这条路线连接了杭州经典景点，跟着这份攻略走，既可以欣赏风景，又可以逛街，还可以享受美食，超适合家人／闺蜜／情侣噢[赞R] 	 [打卡R]【路线：大马弄→十五奎巷→南宋御街→西湖天地→湖滨银泰→武林夜市】[打卡R]地图见p7 	 第[一R]站｜大马弄 大马弄的市集值得一看。在这里，你能看到许多老人在这晒太阳、买菜，如果想要感受杭州本土风土人情，来这里看看市集准没错。 可品尝美食：酥鱼、油墩子、葱包烩、粽子、馄饨 	 第[二R]站｜十五奎巷 这里是皇城脚下的老杭州居民区，导航到“巴尔干客栈”可以找到p2的机位。 	 第[三R]站｜南宋御街 不花钱指南[满月R]：南宋御街里有很多店都能试吃试喝，是能吃饱的程度。这里大力推荐一下南宋胡记和布兰兔的试吃试喝，味道极棒[满月R][满月R] 	 第[四R]站｜涌金广场、西湖天地 从南宋御街出来，可导航至西湖天地，沿着西湖大道步行可达。抵达西湖天地后可沿湖边走，别有一番风景，尤其是夕阳西下时。 	 第[五R]站｜湖滨银泰 从西湖天地沿湖一路步行至湖滨银泰，晚上7：30可观看西湖音乐喷泉（免费）。 	 第[六R]站｜武林夜市 几乎所有品牌奶茶店都在这。这里的摊位有小吃、小饰品、香薰等等，好逛！ #过年[话题]#  #杭州[话题]# #杭州旅游[话题]# #周末[话题]# #徒步[话题]# #假日citywalk[话题]# #我的旅行故事[话题]# #游记[话题]# #城市摄影[话题]# #旅游[话题]# #周末去哪儿[话题]# #国内旅游日常[话题]# #人文景点分享[话题]# #美食日常[话题]#,"过年, 杭州, 杭州旅游, 周末, 徒步, 假日citywalk, 我的旅行故事, 游记, 城市摄影, 旅游, 周末去哪儿, 国内旅游日常, 人文景点分享, 美食日常"
我愿称之为：杭州西湖最舒适的City walk…,🗺️City walk路线：灵隐➡️曲院风荷➡️西泠印社➡️断桥残雪 	 1️⃣灵隐寺➕永福寺：早上八点到拍到的丁达尔光真的很美！！ 2️⃣曲院风荷：小桥&摇橹船&红枫，还有很梦幻的金鱼缸… 3️⃣西泠印社：这边的星爸爸有个jue美红枫长椅机位，看西湖水肥～ 4️⃣断桥残雪：正好可以赶上夕阳，也是在断桥边的星爸爸拍一扇窗的浪漫💕和zui美S弯！ 	 #南京周边[话题]# #冬日旅行收藏夹[话题]# #2024旅行结算[话题]# #冬天的西湖也好美[话题]# #杭州[话题]# #杭州旅游[话题]##西湖[话题]# #后劲很大的旅行地[话题]##这一年我看过的风景[话题]##慢慢游的这一年[话题]##用一场旅行跨进2025[话题]# #藏在小城里的冬天[话题]# #我的旅行实况[话题]##出发就是最好的计划[话题]##不为打卡的旅行[话题]# #新年旅行第一站[话题]##反向旅行出门溜溜[话题]#,"南京周边, 冬日旅行收藏夹, 2024旅行结算, 冬天的西湖也好美, 杭州, 杭州旅游, 西湖, 后劲很大的旅行地, 这一年我看过的风景, 慢慢游的这一年, 用一场旅行跨进2025, 藏在小城里的冬天, 我的旅行实况, 出发就是最好的计划, 不为打卡的旅行, 新年旅行第一站, 反向旅行出门溜溜"
杭州本地人，力荐的2条经典citywalk路线‼️,本地人极力推荐，除拥挤的西湖，最能代表杭州人文历史、江南韵味和人间烟火的经典citywalk路线～ 	 ✔️路线一： 五柳巷🔜德寿宫🔜胡雪岩故居🔜十五奎巷🔜大马弄🔜 馒头山社区🔜南宋御街🔜河坊街 	 🔘五柳巷（图5-6） 枕河而居，水上巴士7号线梅花碑站就在这，旧时富人区，充满烟火气，也有一些创艺咖啡和甜品店 	 🔘德寿宫 免费预约，南宋宫殿建筑风貌，奸臣秦桧曾经居所，适合红墙打卡和古装，超出片 	 🔘胡雪岩故居 清末第一豪宅，媲美苏式园林，移步易景，适合古装、新中式 	 🔘十五奎巷（图1-3） “南宋百老汇”，老街老巷老店，感受老杭城烟火气，这里有杭州地标鼓楼，导航“巴尔干客栈”，打卡网红机位 	 🔘大马弄 展现老杭州生活百态，烟火气十足，本质上它是个菜市场，有地道美食葱包烩、春卷、油墩儿 	 🔘馒头山社区（图6-8） 有老底子杭州的人文气息，也适合日韩系人像、街拍，还有几个创意园区很出片 	 🔘南宋御街（图9-13）：皇室巡游大道，杭州的“万国建筑博物馆” 	 ✔️路线二： 桥西历史街区🔜小河直街🔜大兜路历史街区 🔘桥西历史街区 杭州地标拱宸桥和千年京杭大运河，最是江南好风景，小小街区藏着运河、伞、扇、手工艺、刀/剪/剑5大博物馆！全免费9:00-16:30开放，周一闭馆 	 🔘小河直街（图14-15） 杭州网红街区，小桥流水，白墙黛瓦，下雨时特有江南意境，大约林俊杰的《江南》和周杰伦的《青花瓷》唱的就是这吧～这里有超多的网红店，隔壁是国际著名建筑师隈妍吾作品、浓浓工业风的【小河公园】，青草地+油罐➕废旧厂房很出片 	 🔘大兜路历史街区（图16-18） 有许多古建、文创店、咖啡馆和精致餐厅，【香积寺】也在这，宋韵配古装很出片~ 	 2条线分别耗时约半天，最适合一日游，可选择性玩，景点间很近，可步可骑，也能反着走！ 	 快乐旅行 暴瘦暴瘦🏋️ 关🐷我  了解更多📱 	 #杭州周末去哪[话题]##江浙旅游[话题]##日citywalk[话题]##小河直街[话题]##桥西历史街区[话题]##大兜路历史街区[话题]##馒头山社区[话题]##老街[话题]##周末遛娃[话题]##小众旅行地[话题]##徒步[话题]##杭州同城活动[话题]##小众旅行地[话题]# #笔记灵感[话题]# #一日游[话题]# #周末好去处[话题]# #记录我的城市[话题]# #小众旅游[话题]#,"杭州周末去哪, 江浙旅游, 日citywalk, 小河直街, 桥西历史街区, 大兜路历史街区, 馒头山社区, 老街, 周末遛娃, 小众旅行地, 徒步, 杭州同城活动, 笔记灵感, 一日游, 周末好去处, 记录我的城市, 小众旅游"
杭州晚上玩什么❓给出差人的一份夜游攻略,出差来杭州，只有晚上有空出来玩😫 别慌！这份给出差人的杭州夜游攻略已经准备好 全城9种夜游玩法，可以直接收藏🌟备用～ - 💼如果您来杭州，可以到了就把行李交给我们，替您送去酒店 🚗您直接离开，不用找寄存，不用往返送行李，节约至少2小时 💼退房时把行李放在酒店，我们替您送去车站机场存好 🚗您结束行程后在车站机场自提行李后即可 🧾划重点——可开发票可报销 需要的姐妹，dd～ - 📍西湖夜游 ✅看西湖音乐喷泉 西湖音乐喷泉开放时间周一至周日19:30，一场约15分钟，免费 ✅登雷峰塔看西湖夜景 雷峰塔开放时间08:00-20:00，门票40，夜幕降临，亮灯后熠熠生辉 ✅乘西湖夜游船 西湖夜游船开放码头少年宫、五公园、二公园、一公园，周日至周四每晚18:30-21:00，周五周六每晚18:30-21:30，船票50-90 乘游船环湖一周，途经白堤-平湖秋月-苏堤-三潭印月-雷峰塔-柳浪闻莺-回码头 ✅武林夜市逛吃逛吃 杭州顶流夜市，凤起路地铁站B口步行500米，各种网红美食小吃 - 📍小河直街夜游 ✅小河直街citywalk 仿古建筑街道复原杭州历史风情，一到周末节假日还有各种好玩的集市 ✅乘京杭大运河夜游船 武林门码头-拱宸桥，开航时间19:00、19:30、20:20、20:40，船票120，看大运河两岸夜景 - 📍钱塘江夜游 ✅乘钱塘江夜游船 钱塘江夜游船开放滨江码头，时间18:00、19:00、19:20、20:20，船票128起 途径滨江码头-钱江龙-杭州印-西兴大桥-奥体中心-杭州之门-日月同辉-远眺复兴大桥-钱王射潮-滨江码头，往返一小时，中途不下船 ✅看钱江新城灯光秀 钱江新城灯光秀秋冬令时：周五至周六18:30、19:30，周日至周四19:30，城市阳台为最佳机位 ✅拍照打卡大小莲花 沿着钱塘江散步，可以打卡杭州奥体、杭州之门，夜景亮灯非常出片 - 将行李交给我们，直接送去酒店、机场、动车站存好以后自提 使用寄送服务，无需等待，行李放下就走 💼大小行李同价 👨🏻镖师（专人）护送行李，轻松取件 🆓预约后如果行程变动，可免费取消 - #杭州[话题]# #杭州旅游[话题]# #西湖[话题]# #杭州夜游[话题]# #杭州出差[话题]# #行李寄存[话题]# #行李寄存攻略[话题]# #杭州行李寄存[话题]# #行李寄送[话题]# #行李寄送服务[话题]# #行李寄送到酒店[话题]# #行李寄送攻略[话题]# #杭州行李寄送[话题]# #杭州新镖局[话题]# #新镖局[话题]#,"杭州, 杭州旅游, 西湖, 杭州夜游, 杭州出差, 行李寄存, 行李寄存攻略, 杭州行李寄存, 行李寄送, 行李寄送服务, 行李寄送到酒店, 行李寄送攻略, 杭州行李寄送, 杭州新镖局, 新镖局"
杭州一日游｜西湖-灵隐-断桥省心好玩路线,🗺️路线：灵隐寺➡️法喜寺➡️苏堤➡️曲院风荷➡️西泠桥最美转角➡️白堤断桥➡️武林夜市 🌟打卡点： 1️⃣灵隐寺（寺庙要穿长裙 地铁国黄龙体育中心地铁站B口和龙翔桥地铁站D口，武林广场E口出，坐灵隐专线 2️⃣法喜寺 灵隐寺门口有观光车直达法喜寺 💰10r，步行需40分钟，里面拍照机位有黄墙和上香处，个人认为两个寺选择一个去就可以啦 3️⃣ 曲院风荷 在雷峰塔门口坐观光车到岳庙（曲院风荷）下车，票价10r，可沿途浏览苏堤风景，六七月荷花正盛 4️⃣苏堤 苏堤比较推荐坐观光车浏览，刚好在曲苑风荷和断桥之间，可以比较完整地欣赏苏堤美景 5️⃣断桥 可以从曲院风荷步行到西泠桥 也能经过西湖最美转角，然后沿着白堤一路步行到断桥，看夕阳西下 6️⃣武林夜市 还有精力的朋友可以在附近的武林夜市逛逛！各类小吃都有！不过也和其他地方的大差不差 7️⃣杭州嘉里 来杭州真的不用带太多衣服 嘉里中心的boneless超好逛！款式hin多三位数一大袋子！ 🛵tips:在杭州推荐小电驴出行，可以用哈啰租一辆小电驴，长续航家用款的那种，跑的久还不堵~ 🥯美食推荐 1️⃣ 付小姐在成都（杭州总店） 超爱🥵串串！品种很丰富~小郡肝非常嫩量也很足，真的太爱了恨不得每天都去吃一次！火箭鱿鱼很Q弹，辣度也刚好。可以点上一碗冰粉，怕辣的朋友用来解辣正合适 2️⃣芳明小吃 每次都排队的苍蝇小馆 每道菜都很独特👍招牌炸鸡翅外皮炸得金黄酥脆 里面的鸡肉鲜嫩多汁！家常豆腐是先过油后再炒的 3️⃣红帽叔叔包子 杭州小笼包尊嘟要吃！这家一块一个蛮便宜的，肉的包子是灌汤的，辣椒油是我喜欢的类型！再蘸醋真的很好吃很搭！ 4️⃣鸿姐老火锅（杭州旗舰店） 不喜太甜选了家高分火锅！贡菜丸鲜嫩Q弹辣锅香辣过瘾 真真无敌！新出的糖水好漂亮 解辣冰爽！这家是旗舰店 在武林路 交通很便利 5️⃣无名氏面馆 本帮🍜都是咸鲜口，浓油赤酱的味道很足，浇头都是每点一份厨房现爆炒的，面条偏硬的口感很有较劲 6️⃣大马弄蒋师傅酥鱼 老牌酥鱼店 鱼肉新鲜现称40一斤 鱼经过油炸后再过一遍料汁 料汁是糖醋酸甜口再放上葱花 	 #杭州旅游[话题]# #西湖[话题]# #杭州美食[话题]# #哈啰租电动车[话题]##租电动车[话题]# #大平台租电动车用哈啰[话题]# #杭州租电动车[话题]# #杭州一日游[话题]# #西湖拍照[话题]#,"杭州旅游, 西湖, 杭州美食, 哈啰租电动车, 租电动车, 大平台租电动车用哈啰, 杭州租电动车, 杭州一日游, 西湖拍照"
来杭州！不要只知道去西湖了！！！！,记住这些小众拍照机位和路线📍 不用人挤人！ 冬天来杭州简直是人间理想 谁懂！live图直出的美🥹🥹 - 早上定位苏堤跨虹桥附近 沿着孤山路走到看海转角 大概七点左右 可以看到西湖日出 孤山路沿路的光华复旦 长椅 拍照都好看 走到平湖秋月这里！ 茶馆 咖啡店 近在咫尺的游船 坐一会晒晒太阳 不要太舒服 沿着白堤看垂柳 北山路的梧桐窗景 都可以拍到 避开大部分游客 惬意又舒服～ 	 #杭州[话题]# #杭州旅行[话题]# #杭州旅游[话题]# #杭州拍照[话题]# #杭州周末去哪儿[话题]# #西湖[话题]# #西湖拍照[话题]# #live图[话题]# #是live也是life[话题]# #浪漫生活的记录者[话题]# #春节图鉴[话题]# #春节返乡图鉴[话题]# #新年拍照灵感[话题]# #西湖日出[话题]# #新年旅行第一站[话题]# #新年版citywalk[话题]# #反向旅行出门溜溜[话题]# #中式旅行天花板[话题]# #chinatravel[话题]# #诗意画卷里的中国山水[话题]# @摄影薯 @生活薯 @薯队长,"杭州, 杭州旅行, 杭州旅游, 杭州拍照, 杭州周末去哪儿, 西湖, 西湖拍照, live图, 是live也是life, 浪漫生活的记录者, 春节图鉴, 春节返乡图鉴, 新年拍照灵感, 西湖日出, 新年旅行第一站, 新年版citywalk, 反向旅行出门溜溜, 中式旅行天花板, chinatravel, 诗意画卷里的中国山水"
小河直街-大兜路🧨新年citywalk路线🗺️,宝子们好哇，我是南乔。 	 最近分享了一些杭州新年旅行攻略，很多人都说很实用！ 这篇是给大家分享杭州年味满满的小河直街-大兜路附近的citywalk路线。 	 新年来杭州玩的宝子们，可以去逛逛小河直街，感受一下杭州人慢悠悠的好时光~对啦对啦，给你们画了详细的路线图哦～在图2 	 🛶citywalk路线（经典版不废腿❗️） 🚇3号线香积寺站－大兜路历史文化街区－小河直街－小河公园－桥西历史街区－拱宸桥－🚇5号线大运河站 	 🛳️水上巴士（🎫3r） 坐［水上巴士1号线］由香积寺斜对面的信义坊码头上船，拱宸桥码头下。白墙黛瓦，绿水行舟，一种说不出来的松弛感～ 	 ✅✅推荐打卡点+出片机位（划重点） [一R]【香积寺】 📿手串：手串特别好看，感兴趣的可以请一串～ 🥗素斋：香积寺的素斋很有名🎫20r，建议尝尝～ 🏮大雄宝殿拍“古今同框很震撼” 	 [二R]【大兜路历史文化街区】 紧挨着香积寺，大兜路有很多装修很棒的咖啡店，遇市集活动时很热闹，满满的烟火气。目前大兜路已经开始有了新年元素，很多人在取景拍照打卡～ 	 [三R]【小河直街】 👇几家比较火的店铺 📍后院有海：环境很很的创意融合菜馆，二楼有个小窗台，拍照📸很出片～ 📍寒烟杂货铺：很有趣的一家店，没事来逛逛，感觉非常好～ 📍摩登主妇：位置在小河公园正中间小油罐，很有文艺气息很好逛，很有创意的小玩意，餐具杯子太可爱了！ 	 [四R]【桥西历史文化街区】 紧邻拱辰桥，挨着三个博物馆（中国扇🪭博物馆、中国伞博物馆、中国刀剑博物馆）免费且不用预约！ 	 [五R]【拱宸桥】 是京杭大运河到杭州的终点，一座拱宸桥，半部杭城史 	 🎈🎈游玩Tips： [一R]全程3公里左右，路线可自由选择，建议穿双舒服的鞋子 [二R]运河巴士不用提前订票，上船可zfb（末班车18:00） [三R]运河边的夜景超美的，一定不要错过[笑哭R] [四R]小河直街簪花店很多，建议找家口碑好点的，价格1-2百，周末人多可能需要排队！ 	 #小河直街[话题]#   #小河直街历史文化街区[话题]#   #citywalk[话题]#   #杭州citywalk[话题]#   #杭州年味[话题]#   #杭州周末去哪儿[话题]#     #杭州周末去哪玩[话题]#   #江浙沪周边游[话题]#   #香积寺[话题]#   #大兜路历史街区[话题]#   #桥西历史街区[话题]#   #大运河[话题]#   #拱宸桥[话题]#,"小河直街, 小河直街历史文化街区, citywalk, 杭州citywalk, 杭州年味, 杭州周末去哪儿, 杭州周末去哪玩, 江浙沪周边游, 香积寺, 大兜路历史街区, 桥西历史街区, 大运河, 拱宸桥"
西湖这个巨大疗愈场‼️来了99次，次次被美哭,西湖是去无数次都不会厌的地方 在西湖边等待一场日落 是杭州一场不约而同且浪漫的行动 分享一个西湖小众落日机位 和我的杭州一日漫步游路线 中秋国庆来杭州的朋友千万别错过 - 🌟杭州citywalk一日漫步路线 河坊街👉南宋御街👉大马弄👉十五奎巷👉城隍阁👉柳浪闻莺 - 📍河坊街/南宋御街 两条老街紧相连，保存古城悠久历史风貌 有很多杭州本地热门小吃和手工艺品 霸王茶姬的西湖中秋赏月路线也是从河坊街三店这开始 中秋完成对诗就可盖【灯笼章】 同时赏味中秋新品金乌扶摇就可以盖【玉兔章】 - 📍大马弄 藏着本地烟火气与美食 有着杭州真实的市井气息 边吃边逛，搭配⾦乌扶摇 口味清新，⻘柑普洱刮油解腻 东方树叶党狂喜，真的炫不停 - 📍十五奎巷/城隍阁 随后由十五奎巷登上城隍阁 俯瞰西湖，感受秋高气爽的自在 - 📍柳浪闻莺 白天仿佛闯入绿野仙踪 等到黄昏夕阳把水面染黄 雷峰塔矗立湖上，山水不移，月色依旧 在霸王茶姬柳浪闻莺店集齐第3个【柳浪闻莺门店章】 17点后就能换中秋限定周边福袋咯～ - 🌛 月亮慢慢圆，事事皆如愿，好运连连来 月满西湖，提灯相会～ - #霸王茶姬新品[话题]# #⾦乌扶摇重回云南[话题]# #⾦乌扶摇好运直上[话题]# #⽉满西湖提灯相会[话题]# #西湖中秋拜⽉[话题]# #杭州旅游[话题]# #杭州拍照[话题]# #西湖[话题]# #杭州[话题]# #杭州小众景点[话题]# #周末去哪儿旅游[话题]#,"霸王茶姬新品, ⾦乌扶摇重回云南, ⾦乌扶摇好运直上, ⽉满西湖提灯相会, 西湖中秋拜⽉, 杭州旅游, 杭州拍照, 西湖, 杭州, 杭州小众景点, 周末去哪儿旅游"
严重被低估❗️杭州市内冷门的citywalk路线,如果你厌倦了西湖周围的繁华景点，不妨来杭州的吴山。这里山不高，每次来这里，都会有不一样的发现，非常适合轻松漫步，拍照打卡 	 🌟🌟私藏游览路线（图9️⃣地图）：十五奎巷晓霞弄→ 中兴东岳庙 → 药王庙→ 城隍阁→ 积义亭→ 江湖汇观亭→ 泼水观音成→ 宝成寺→ 大马弄 	 📌十五奎巷晓霞弄（望仙阁）（图1️⃣、图2️⃣）： 往远处拍可以拍到望仙阁的经典机位 	 📌中兴东岳庙（图1️⃣0️⃣、图1️⃣1️⃣）：四月份有530多岁古楸树的赏花期，特别好看 📌药王庙（图1️⃣2️⃣、图1️⃣3️⃣）：供奉的是神农氏，扁鹊和孙思邈，祈福亲友身体健康很灵验 📌城隍阁（图1️⃣4️⃣、图1️⃣5️⃣）：位于吴山之巅，七层仿古南宋风格建筑，登高望西湖的好地方之一 📌📌江湖汇观亭（图4️⃣～图6️⃣）：可以俯瞰西湖，远望城隍阁和宝石山，还能欣赏美丽的日落 📌积义亭（图3️⃣）：以“绿野仙踪”的打卡点而著名，有点原始森林的味道，远眺的是城隍阁 📌泼水观音（图1️⃣7️⃣）：泉旁的石壁上刻有观音像，需泼水后才能显现 📌宝成寺（图1️⃣6️⃣）：杭州难得的藏传佛教寺庙，十分少见 📌📌大马弄（图1️⃣8️⃣）：烟火气十足，漫步其中，感受着老底子杭州人的生活 	 小贴士： 1⃣ 上佳拍照点：城隍阁、积义亭、江湖汇观亭。 2⃣ 防蚊小贴士：部分地区蚊虫较多，请带上防蚊喷雾。 #杭州旅游[话题]# #周末去哪儿[话题]# #新年旅行第一站[话题]# #反向旅行出门溜溜[话题]# #新年版citywalk[话题]# #我家市集好好逛[话题]# #城市达人计划[话题]# #西湖美景[话题]# #城市小众打卡地[话题]# @生活薯 @摄影薯 @本地薯 @户外薯 @走走薯,"杭州旅游, 周末去哪儿, 新年旅行第一站, 反向旅行出门溜溜, 新年版citywalk, 我家市集好好逛, 城市达人计划, 西湖美景, 城市小众打卡地"
杭州西湖Citywalk经典路线📷拍照攻略,来杭州西湖玩，却不知道从哪儿逛起？别着急，这条路线不仅包含了西湖的必打卡景点，就连拍照机位我都帮你规划好啦！ 1、首先坐地铁从龙翔桥C口出，先到集贤亭，站在亭子下边，放大5倍焦距，人物居中拍一张。 2、沿着湖边一直走，就到了长桥公园，可以去那边的亭子拍一张，我人在右边，亭子在左边，放大两倍，记得拍到湖面。 3、接着往前步行500米就到了雷峰塔下。 4、一街之隔的净慈寺必须要去！这里人少景美，还有西湖十景之一的南屏晚钟，在净慈寺最高处的大殿里还有拍雷峰塔的最佳机位。 5、下一站到曲院风荷，路过莲遇花园餐厅的梦核金鱼 6、走到湛碧楼抬高手机俯拍，切换两倍人像，人物放在一侧分割线上。 7、傍晚的时候，千万别错过西泠桥的夕阳，就在这条孤山路上还可以捕捉到浪漫的1314路公交车，爆火的西湖最美拐角也是这里。 - 拍了这么多，手机内存又不够了。还好我最近种草了绿联私有云DXP2800！最大52T的储存空间，相比传统硬盘以及传统网盘，NAS不仅访问更方便，浏览也更丝滑，三步操作轻松上手，我最最喜欢这个AI相册，外出游玩的照片都可以备份进去，多设备随时查看访问，还能智能分类，和朋友分享照片点击链接就能预览多选下载，现在存照片选照片更方便啦~ #西湖拍照[话题]##假期出游[话题]##杭州旅游[话题]##拍照姿势不重样[话题]##绿联私有云[话题]##绿联DXP2800[话题]##绿联NAS[话题]##私有云[话题]##内存不足[话题]##NAS[话题]##手机内存不足[话题]#,"西湖拍照, 假期出游, 杭州旅游, 拍照姿势不重样, 绿联私有云, 绿联DXP2800, 绿联NAS, 私有云, 内存不足, NAS, 手机内存不足"
抄作业！！！本地人推荐的5️⃣条杭州游玩路线！！,秋天是杭州zui美丽的季节之一！ 金黄色的银杏，火红的枫叶🍁 满堤的柳树，在秋天宛如一副美丽的画卷！ 话不多说！ 给大家推荐下杭州本地人才知道的5️⃣条City walk路线！ Day1️⃣运河直街City walk 小河历史直街➡️拱宸桥西历史文化街区➡️小河公园➡️大兜路历史文化街区➡️香积寺 Day2️⃣红枫 绿水芙蕖➡️平湖秋月➡️曲院风荷➡️郭庄➡️太子湾公园➡️花港观鱼 Day3️⃣赏银杏 杭州大厦➡️清吟街➡️钱王祠➡️大佛寺遗址 Day4️⃣杭州人间烟火气 鼓楼➡️城隍阁➡️江湖汇观亭➡️十五奎巷➡️白蛇飞渡 Day5️⃣良渚秋天🍂 良渚古城遗址公园➡️良渚博物院➡️玉鸟集 一些拍照打卡点⬇️ ❤️小河直街 漫步在杭州的“大理” 走在青砖小瓦的路上 感受慢节奏的生活 ❤️杭州大厦 真的不能错过11月底 杭州大厦的2棵银杏啊 在电梯上看银杏也太浪漫啦！ ❤️绿水芙渠 想要好机位， 一定要起早 基本太阳刚出来的那一瞬间zui好看！ 好像拍到了杭州的春夏秋冬！ ❤️良渚古城遗址公园 深秋的良渚也太美啦！ 稻田，芦苇荡，小鹿 ❤️江湖汇观亭 可以看到西湖和城隍阁 的合影哦！ 一些小tips⬇️ 1️⃣出门提前看天气预报， 最近杭州都在下雨哦！ 2️⃣出行前我提前在圆周旅迹做了攻略！ 刚点进去就有杭州旅行计划推荐 可以自己编辑✍️或者邀请好友共同编辑，一起来制作旅游路线！ 还支持公共交通/自驾/步行的选择！ 并且不同的交通工具所需的时间也会显示！ 真的好方便！ @圆周旅迹 #J人的旅行攻略[话题]# #1分钟搞定旅行规划[话题]##圆周旅迹[话题]# #镜头下的秋天有多美[话题]# #秋游记[话题]# #留下我的赏秋机位[话题]# #徒步[话题]# #发现小众赏秋地[话题]# #不辜负每个周末[话题]# #在公园躺平过秋天[话题]# #出门捡秋去[话题]##不为打卡的旅行[话题]#,"J人的旅行攻略, 1分钟搞定旅行规划, 圆周旅迹, 镜头下的秋天有多美, 秋游记, 留下我的赏秋机位, 徒步, 发现小众赏秋地, 不辜负每个周末, 在公园躺平过秋天, 出门捡秋去, 不为打卡的旅行"
2025杭州梅花开啦‼️西湖赏梅citywalk经典版,#不早起旅行日记[话题]# 截止2月5日 杭州孤山、西溪湿地的部分白梅已经开啦 红梅也有零星几株开了 预计还有2周就要进入盛花期🌸 · 拍了4年的西湖梅花 整理了这条保姆级西湖赏梅citywalk路线🚶‍➡️ ✅既有经典机位✅又有我发掘的小众打卡地 春天来杭州旅行，记得提前mark 2月下旬就可以冲啦‼️ · 🚶citywalk赏梅路线 ❶钱王祠：红墙白梅，穿越故宫 🚶‍➡️步行20分钟👇 ❷长桥：西湖畔临水红梅，夕影亭同框 🚶‍➡️步行9分钟👇 ❸净慈寺：腊梅和红梅同时绽放的禅意小路 🚶‍➡️步行20分钟👇 ❹浴鹄湾：人少清净，梅花和水榭相呼应 🚶‍➡️步行10分钟👇 ❺慧因高丽寺：枝头红梅，青灯古佛 🚗打车10分钟👇 ❻龙井八景：水池旁梅花开得很好，几乎没人 🚗打车10分钟👇 ❼都锦生故居：透过花窗看梅花，很别致 🚶‍➡️步行20分钟👇 ❽郭庄：杭州四大园林之一，移步换景 🚶‍➡️步行9分钟👇 ❾湛碧楼：枝条特别好看的古梅 🚶‍➡️步行17分钟👇 ❿孤山：各种颜色的梅花，梅妻鹤子之地 🚗打车20分钟👇 ❶❶植物园·灵峰探梅：梅花成林，诗词中的香雪海 · ⚠️Tips ✔️每株梅花都有自己开花的时间，但大部分花期差不多 ✔️注意景点的关门时间，最后一站灵峰探梅的品梅苑17:30就关门 ✔️赶时间可以放弃龙井八景和灵峰探梅（可以单独拿出来玩） · #反向旅行出门溜溜[话题]# #新年旅行第一站[话题]# #中式旅行天花板[话题]# #chinatravel[话题]# #来中国就要这样玩[话题]# #诗意画卷里的中国山水[话题]# #我在家乡当游客[话题]# #打工人的春节staycation[话题]# #一年一度春节庙会[话题]# #新年版citywalk[话题]# #先出发再说[话题]# #出发就是最好的计划[话题]# #下班啦2024[话题]#  #见笑啦2024[话题]# #一年一度春节庙会[话题]# #涨粉涨赞用薯条[话题]##繁华来了[话题]# #繁学[话题]# #杭州拍照[话题]# #杭州旅行[话题]# #杭州旅游[话题]# #杭州梅花[话题]# #春花遇上中式建筑[话题]# #杭州春天[话题]# #杭州citywalk[话题]# #西湖[话题]# #人生地点收藏机[话题]# #J人旅行指南[话题]##此生必徒[话题]##hiking[话题]# @生活薯 @薯条小助手@户外薯,"不早起旅行日记, 反向旅行出门溜溜, 新年旅行第一站, 中式旅行天花板, chinatravel, 来中国就要这样玩, 诗意画卷里的中国山水, 我在家乡当游客, 打工人的春节staycation, 一年一度春节庙会, 新年版citywalk, 先出发再说, 出发就是最好的计划, 下班啦2024, 见笑啦2024, 涨粉涨赞用薯条, 繁华来了, 繁学, 杭州拍照, 杭州旅行, 杭州旅游, 杭州梅花, 春花遇上中式建筑, 杭州春天, 杭州citywalk, 西湖, 人生地点收藏机, J人旅行指南, 此生必徒, hiking"
码住！！最全杭州市井老街citywalk合集‍,外地朋友来杭州找我玩，带她走了一条充满杭州烟火气息的路线！整体下来不会太特种兵～ 	 city walk路线：佑圣观路—五柳巷历史街区（斗富）—德寿宫—鼓楼—十五奎巷—大井巷—河坊街—南宋御街 	 ✔️佑圣观路 杭州茶叶一条街，朋友来旅游想带点伴手礼回家，我带她去了高品茶行，之前我家里人经常会在她家买，他们有自己的茶园性价比较高，阿姨热情给我们泡茶喝！店里还有酱鸭～ 	 ✔️五柳巷历史街区 【OFF LINE 】 复式红木屋，门口还有颗大树，拍照很出片 【斗富DOFO】 很喜欢的一家店，布置的好看，现在圣诞氛围已经拉满了，店里有咖啡甜品～ 	 ✔️德寿宫 🎫免费，需要提前预约！！（周一闭馆） 可以来体验宋韵文化，有五个展区，德寿宫外还有红墙，有很多人去打卡拍照，如果只去红墙可以不预约门票！ 边上还有【胡雪岩故居】清末第一豪宅🎫20 	 ✔️鼓楼 历史悠久的老城门，有很多小吃 	 ✔️十五奎巷 导航到“巴尔干客栈”，打卡网红机位📷 	 ✔️大井巷 咖啡一条街，一条路全是咖啡店，对于我们这种咖啡狂热爱好者太喜欢这里了，还有一家古色古香的manner☕️ 还有一家很粉的【Cafe Crush】店里好看但是喝不下了咖啡了就没进去 	 ✔️河坊街 太商业化了，没啥意思，路过就随便走了一下 可以去吃一吃定胜糕，糯叽叽豆沙馅的便宜有好吃，店里还有卖糕条，可以带走回去吃 	 ✔️【初禾】 每次有朋友来找我玩我都会带去这家吃，整个店很安静，菜品很有特色好吃！位子不多提前预约哦‼️ 	 ✔️南宋御街 【猫的天空之城】 美丽书店，可以买文创和明信片，还可以盖章 【佳藕天成】 到杭州怎么能不来一碗热乎乎的藕粉呢，有很多口味可以选择，甜的咸的都有，不过咸的我不敢尝试，冰糖桂花味好喝！ 【Groove古着屋】 一家hin大的古着店，上下两层有300平，太好逛了，二楼还有300r装一袋的活动 	 #杭州旅行攻略[话题]# #杭州一日游[话题]# #杭州美食[话题]# #杭州探店[话题]# #杭州Citywalk[话题]# #杭州散步[话题]# #周末去哪儿[话题]# #德寿宫[话题]# #南宋御街[话题]#,"杭州旅行攻略, 杭州一日游, 杭州美食, 杭州探店, 杭州Citywalk, 杭州散步, 周末去哪儿, 德寿宫, 南宋御街"
杭州本地人才知道的💡西湖citywalk宝藏路线,西湖不是只有断桥、雷峰塔、北山街 这些著名打卡点人太多 无法欣赏到西湖真正的美 👆为了避开人流，又能欣赏西湖的绝美 杭州本地人更乐意走走西湖隐藏的绝美秘境路线 💕分享我私藏的这条西湖Citywalk宝藏路线 人少景美，四季有四季的特色 . 📌【游玩路线】 净慈寺➟太子湾公园➟浴鹄湾➟乌龟潭➟茅家埠➟郭庄 . 📌【交通】 地铁1号线龙翔桥站B口出，到一公园公交站，坐1314路公交到净寺站下 . 👆#净慈寺[话题]# 开放时间：06:30-17:00 西湖十景的南屏晚钟就在这里，净慈寺也是与雷峰塔合影的绝美机位之一 👆#太子湾公园[话题]# 8-10月的太子湾公园，绿意盎然、溪水潺潺，杭州绝美公园的天花板之一 👆#浴鹄湾[话题]# 西湖隐藏的绝美秘境，没有断桥的喧嚣，来浴鹄湾的霁虹桥上，感受西湖的静谧 👆#乌龟潭[话题]# 是西湖手划船或者摇橹船的绝美路线之一，晴天的乌龟潭已经够美，遇到下雨或者下雪，一定来这里走走，带你进入真正的童话世界 👆#茅家埠[话题]# 绿野仙踪、白鹭成群，可以带娃来这里露营、玩水，也可以去茶叶博物馆感受茶文化 👆#郭庄[话题]# 开放时间：08:00-17:00 来感受下杭州的建筑园林艺术，曲径通幽，假山叠石 . 📌【游玩tips】 👆做好防晒和驱蚊 👆郭庄玩好，可以走3min到中美友谊井附近就有游船码头，可以花8r坐西湖游船到花港观鱼码头 👆郭庄玩好，也可以继续往孤山去，欣赏孤山的蕞美转角和落日橘子海 我是爱分享的韬韬爸爸，关注我，分享江浙沪游玩攻略 #杭州旅行[话题]##杭州旅行攻略[话题]##周末去哪儿[话题]##杭州旅游[话题]##西湖[话题]##西湖旅游[话题]##杭州周末去哪儿[话题]##杭州小众景点[话题]##旅游人攻略[话题]##杭州Citywalk[话题]# #citywalk[话题]# #杭州太子湾[话题]##西湖美景[话题]##杭州[话题]##假日citywalk[话题]##带着小红书去旅行[话题]##小红书旅行月历[话题]##断桥[话题]##雷峰塔[话题]##北山街[话题]# #令人难忘的景点[话题]#,"净慈寺, 太子湾公园, 浴鹄湾, 乌龟潭, 茅家埠, 郭庄, 杭州旅行, 杭州旅行攻略, 周末去哪儿, 杭州旅游, 西湖, 西湖旅游, 杭州周末去哪儿, 杭州小众景点, 旅游人攻略, 杭州Citywalk, citywalk, 杭州太子湾, 西湖美景, 杭州, 假日citywalk, 带着小红书去旅行, 小红书旅行月历, 断桥, 雷峰塔, 北山街, 令人难忘的景点"
杭州不只有西湖灵隐❗还有这些逛不腻的老街,杭州最好逛的[一R][二R]条市井老街， 第三弹： 1⃣：南宋御街 地址：上城区中山中路192号 交通：5号线，江城路站E口出 杭城蕞宋代，南宋遗迹代表！南宋的皇城根就在这里。 十里御街，百年风情！ 美食推荐：蟹粉小笼包 2⃣：河坊街 口碑最受争议 本地人都会说不推荐又推荐的一条街 那么到底值不值得去 我肯定是建议大家去的 分享美食： [一R]：马记宫廷酥牛肉饼 [二R]：龙翔臭豆腐 [三R]：葱包烩 3⃣：大马弄 交通：地铁[五R]号线，候潮门B口下 最有杭州老底子烟火气的一条街 如果想要感受老杭州本土的风土人情 来这逛逛准没错， 大马弄的早市也很好逛 超多美食值得去尝一下： [一R]：蒋师傅酥鱼，[二R]：候大姐葱包烩，[三R]：衢州烤饼[四R]：周萍粽子，等等… 4⃣：五柳巷 交通：地铁[一R]号线，城站D口出 旧时达官贵人居住之处，很有老杭州的市井气息 蕞美水上巴士[七R]号线梅花碑站就在这 美食分享： [一R]：“什么鬼”咖啡店 [二R]：赵宝美点心 TiPS:不算大，10几分钟就能逛完 5⃣：十五奎巷 交通：地铁[五R]号线，江城路E口出 这里是“南宋百老汇”，老街老巷，感受老杭城的人文历史。 附近能看到鼓楼，望仙阁 可以导航到“巴尔干客栈”（图15），这里有网红拍照打卡机位（图15），拍出来非常出片 6⃣：馒头山社区 交通：地铁[五R]号线到候潮门站C口出步行/共享单车 路线：沿着凤凰山脚路，一侧是市井气息满满的老社区，一侧是创意店铺集合地，有很多好拍好吃好逛的买手店，拍照非常出片。 真的太太太喜欢这里的艺术气息了！🍭🍭 #城市中的烟火气[话题]# #杭州[话题]# #河坊街[话题]# #十五奎巷[话题]# #馒头山社区[话题]# #旅行[话题]# #老街[话题]# #杭州老街[话题]# #周末去哪玩[话题]# #国庆[话题]#,"城市中的烟火气, 杭州, 河坊街, 十五奎巷, 馒头山社区, 旅行, 老街, 杭州老街, 周末去哪玩, 国庆"
杭州这个新开的小众街区拍照超chill的❗️,发现一个超适合citywalk的小众街区，墙裂推💛荐给爱拍照的姐妹们！色彩丰富、场景多样，随手一拍就是大片，拍照党冲📷 	 ✨街区亮点： 整个街区特别有创意，涂鸦墙、吊桥、蓝色楼梯、屋顶视角……每一个角落都藏着惊喜。更别提那些风格各异的咖啡馆、杂货铺、服装店了，逛着就有种在逛“迷你艺术村”的感觉！ 📷拍照机位： 1️⃣ 涂鸦墙：ins风满满，随手凹造型都是酷酷的街拍风～ 2️⃣ 二楼视角：走上吊桥拍建筑，蓝色楼梯和复古房顶拍的特别有空间感，简直拍腻传统机位的救星！ 3️⃣ 店铺门口：每家小店的门面设计都超用心，尤其是杂货铺门口，氛围感绝绝子～ 👟关于孩子穿搭tips： 这次给辣椒安排了小猪班纳的机能鞋，不得不夸，真的很适合小朋友户外活动！鞋底特别舒服，跑了一天完全没喊累，稳稳的遛娃神器。一双舒适的鞋子，才是小朋友热爱户外的开始～而且搭配简单的日常穿搭，既童趣又耐看～ 	 📍萧然山街 	 📝一些tips •	交通：园区有停车场，但车位不算多，实在停不到可以去对面。 •	周边打卡：五七公社和东巢艺术公园也在附近，一次安排多个景点～ 姐妹们，带着相机、娃和好心情冲吧！ #杭州拍照地[话题]# #citywalk拍照[话题]# #亲子遛娃好去处[话题]# #杭州小众景点打卡[话题]# #小猪班纳机能鞋[话题]##小猪班纳[话题]# #小猪班纳童鞋[话题]# #小猪班纳童装[话题]##蒲公英优质笔记激励计划2.0[话题]#,"杭州拍照地, citywalk拍照, 亲子遛娃好去处, 杭州小众景点打卡, 小猪班纳机能鞋, 小猪班纳, 小猪班纳童鞋, 小猪班纳童装, 蒲公英优质笔记激励计划2.0"
比起西湖，我更喜欢这条杭州小众Citywalk‼️,来杭州不要只知道西湖了 这条小众的city walk 路线人少景美更值得一逛去看一半老城烟火，一半绿野仙踪 亲测，一路上都是绝美风景，游客还不多 非常舒服惬意 . ✅我的路线 十五奎巷→晓霞弄→胡雪言故居→伍公庙→城隍阁→江湖汇观亭→积义亭→古望江门附近 . ✅推荐打卡点 1️⃣十五奎巷 十五奎巷的晓霞弄是杭州经典的打卡机位之一，烟火小巷的尽头是望仙阁，很有杭州老底子市井气息 . 2️⃣胡雪言故居 一个江南园林的宅子，非常有调调，小桥亭阁流水，中式传统美学表现得淋漓尽致。 . 3️⃣伍公庙 因伍子胥而得名的一个清幽的小庙，两进院子三个殿堂，旁边可以俯瞰南宋御街 . 4️⃣城隍阁 这里可以看到整个西湖，还可以拍到独特的雷峰塔，挺适合闲逛 . 5️⃣江湖汇观亭 可以高处看到西湖和城隍阁用亭子阁拦拍一张框架式构图，包裹城隍阁，真的很绝 . 6️⃣积义亭 杭州新晋绿野仙踪机位，从江湖汇观沿小路可折返至此，下雨天来更有感觉 . 这条步道真的很简单！很多杭州本地人每天早上都会去爬！老人小孩都不累！ 冬天徒步，注意保暖，可以穿上羽绒内胆类型的冲锋衣，保暖御寒还很轻便！比如蓝步这款，真的太适合户外徒步啦！ 	 . #冬日旅行收藏夹[话题]##杭州[话题]##杭州徒步[话题]##西湖[话题]##江浙沪旅游[话题]##新年旅行[话题]##蓝步[话题]##蓝步冲锋衣[话题]##杭州citywakl[话题]##周末去哪儿[话题]##运动万分助力计划[话题]##徒步踏雪去[话题]#,"冬日旅行收藏夹, 杭州, 杭州徒步, 西湖, 江浙沪旅游, 新年旅行, 蓝步, 蓝步冲锋衣, 杭州citywakl, 周末去哪儿, 运动万分助力计划, 徒步踏雪去"
在杭20年，总结的6条经典路线！全龄段！,之前发的西湖游船、水上巴士攻略，很多人点赞收藏，也有问我怎么规划路线，结合自己走过的和近期的活动，整理这份攻略，不管你几天几夜，可根据喜好自由组合哦 	 ✅西湖一日游（图2） 钱王祠（迎春花展+赏梅）→三潭印月→花港观鱼→雷峰塔或净慈寺→苏堤（观光车）→断桥→武林夜市或嘉里中心 ➡ 5个“西湖十景”串联一条线，坐船上岛+观光车，轻松不累 ➡避开人流量最大的龙翔桥站，且能看到新春限定的迎春花展 ➡更推荐去净慈寺打卡南屏晚钟，还有和雷峰塔合影的最佳机位 ➡苏堤坐观光车是首选，在雷峰塔坐2站经苏堤，直接到少年宫（断桥） 	 ✅老杭州历史人文citywalk（图3） 大马弄（美食）→胡雪岩故居（有梅花）→南宋德寿宫遗址博物馆→十五奎巷→鼓楼→南宋御街→河坊街→城皇阁→吴山广场 ➡德寿宫红墙新增了贪吃蛇和“杭州”字样打卡，胡雪岩故居在它的对面，现在梅花开了，这座豪宅很适合带老人逛逛 ➡南宋御街河坊街新增了很多新春元素，年味十足 吴山广场有庙会灯会，爬个上坡可登城隍阁 	 ✅京杭大运河citywalk（图4） 香积寺→大兜路历史街区→拱宸桥→桥西历史文化街区→小河公园→小河直街 ➡香积寺是唐风寺庙，大兜路是清末明初历史街区 ➡拱宸桥有运河博物馆，桥西有4个 	 ✅新杭州奥体钱塘江一日游（图5） 空中花园→莲荷里→亚运会博物馆→城市阳台→灯光秀 ➡空中花园是g20峰会地，现已免费，初四开放，杭州之门隐藏机位 ➡莲荷里是商场可中餐，地面层打卡大莲花，旁边就是亚运会博物馆，也可去钱塘江边 ➡地铁1站至江对面砂之船奥莱，可晚餐购物，晚上在城市阳台看灯光秀，时间：除夕至正月初七（1月28日至2月4日），每天18:30和19:30各播放一场 	 字数有限，还有两条线路和需要补充的都放评论区，欢迎友友们也来补充👏！有不清楚的评论区尽管问，热心市民的我不定期上线解答[派对R][派对R][派对R] 	 #不早起旅行日记[话题]# #非遗里的中国年[话题]# #新年版citywalk[话题]# #逛大家的春节庙会[话题]# #出行攻略[话题]# #本地人做的攻略[话题]# #上有天堂下有苏杭[话题]# #杭州旅游[话题]# #西湖[话题]# #杭州citywalk[话题]# @薯条小助手 @薯队长 @本地薯,"不早起旅行日记, 非遗里的中国年, 新年版citywalk, 逛大家的春节庙会, 出行攻略, 本地人做的攻略, 上有天堂下有苏杭, 杭州旅游, 西湖, 杭州citywalk"
春节来杭州，除了西湖还有这条小众Citywalk,来杭州旅游，别只会挤断桥苏堤 杭州这条citywalk人不仅人少更有烟火气 而且临近春节，古祠中的梅花盛放 还有红墙下的落叶龙、黄昏里的古风步道 南宋宫殿遗址、晚风中的雷峰塔夜景 每一处都实在太绝太浪漫了 - 🧨游玩路线（具体citywalk地图🗺️看图6️⃣） 德寿宫➠胡雪岩故居➠大马弄➠十五奎巷➠河坊街➠钱王祠➠柳浪闻莺➠长桥公园 - ▪️德寿宫遗址博物馆 又被称为“杭州小故宫”，龙年来临，今年秋叶艺术节的落叶雕塑也在宫墙下布置了一条落叶巨龙，搭配红墙年味太浓了！ ▪️钱王祠 钱王祠的腊梅开了花，盛放在红墙前，这就是老祖宗流传百年的中式审美 ▪️大马弄 杭州节日味道超浓的老街，烟火气十足！还有贴上春联福字的杂货店，很有节日氛围 ▪️十五奎巷 导航“巴尔干客栈”，小巷子与望仙阁同框的机位特别出片；还可以登上伍公山步道俯瞰河坊街 ▪️长桥公园 在这里可以拍到雷峰塔，湖边的亭子在夜幕灯光下也特别美 - 🧨游玩tips ✔【去哪儿】首页🔍“杭州地图”，就能看到杭州精华景点地图，点景点就能看详细介绍和各种旅游攻略和周边美食游玩！ ✔在地图里面还可以根据“热门/深度/小众”这些标签，筛选收藏自己感兴趣的景点，生成一条专属自己的足迹地图，游玩起来真是太方便啦！ ✔地图里还有景点周边热门酒店地图，满足各种景点需求，景点门票也不定期掉落优慧，出行规划用很方便～ ✔不想做攻略就看“旅游路线”，经典4日路线都规划好了，跟着玩省时还省心 - #杭州旅游[话题]# #杭州拍照[话题]# #春节去哪儿[话题]# #大家的春节[话题]# #我的春节这样过[话题]# #假期去哪玩[话题]# #杭州旅行攻略[话题]# #假日citywalk[话题]# #捕捉身边的年味[话题]# #citywalk返乡版[话题]# #我的城市换上新年皮肤了[话题]# #镜头里的年味[话题]# #西湖[话题]#,"杭州旅游, 杭州拍照, 春节去哪儿, 大家的春节, 我的春节这样过, 假期去哪玩, 杭州旅行攻略, 假日citywalk, 捕捉身边的年味, citywalk返乡版, 我的城市换上新年皮肤了, 镜头里的年味, 西湖"
🍃杭州果然是最适合citywalk的城市❗️,- 哈喽！我是鹤七🙋‍♂️ 网友诚不欺我，杭州果然是最适合citywalk的城市 一整条路线都很轻松舒服 如何走最少的路打卡最多的西湖热门景点呢！ 那我这条西湖walk路线你要收藏好 - 🍃【游玩路线】 起点📍：夕影亭➠翠光亭➠集贤亭➠三潭印月➠西湖喷泉➠断桥➠北山街➠孤山➠曲院风荷 （这条路线反着也可行） - 🍃【关于拍照打卡】 1️⃣三潭印月：三潭印月景点的经典机位，需要呆到景区清场才能拍摄无人场景 2️⃣夕影亭：位于雷峰塔脚下，曲折的长桥在落日之下很有氛围感 3️⃣翠光亭：亭边伫立在西湖之上的灯亮起以后，很适合拍照 4️⃣集贤亭：湖水在微风的吹动下轻轻地拍着堤岸，堤上行走于湖面之上，抬望眼青山隐秀美不胜收 5️⃣西湖喷泉：每晚19:30分开始会连续播放4首歌 6️⃣断桥：西湖上最浪漫的长桥之一，夏日以荷花做前景城市繁貌做背景非常出片 7️⃣北山街：四季都浪漫的沿湖大街，路上的长椅更是充满故事感 8️⃣孤山路：路的尽头就是“海”杭州最美转弯，时而开过的1314公交更为它增加了一些浪漫 9️⃣曲院风荷：喜欢绿色的人有福了，满眼的绿色特别养眼，随手一拍都是绿色生机大片 - 🍃【出行小心得】 ❶这条路线正向和逆向都可以走，我会选择在五点中从曲院风荷开始拍到了绿色光影大片，又能看到落日下的浪漫孤山路，然后夜游西湖也是不错的选择 ❷这条路线几乎能看到所有西湖上的热门景点，运气好的话还能看到绝美西湖落日 ❸一般出行我会自备一支「冷酸灵专研抗敏牙膏」，最近用上以后大大缓解了牙齿敏感的问题，出去哪里玩都能适应各地冷辣酸甜的美食了！而且4.29～5.5上MT搜索“0.1元旅行”，每天十点都有机会抢购旅行福利～ - #笔记灵感[话题]# #浪漫生活的记录者[话题]# #杭州旅游[话题]# #杭州[话题]# #杭州旅游攻略[话题]##周末去哪儿[话题]# #杭州citywalk[话题]# #特种兵[话题]##西湖[话题]##杭州拍照[话题]#,"笔记灵感, 浪漫生活的记录者, 杭州旅游, 杭州, 杭州旅游攻略, 周末去哪儿, 杭州citywalk, 特种兵, 西湖, 杭州拍照"
杭州｜4条必逛赏枫路线🍁citywalk附地图,12月枫叶红，杭州美景封神！ 推荐5条徒步路线，环游西湖群山 	 💚前3条路线在7km左右，走走停停大概5小时 🧡最后一条路线12KM，大概需要7小时 🩵步行累了可以骑车，美景养眼还能锻炼身体 	 路线1️⃣：西湖秘境探索 📍 黄龙洞➠初阳台➠抱朴道院➠蛤蟆峰➠保俶塔➠北山街➠玛瑙寺➠西泠桥➠孤山转角➠平湖秋月➠断桥 🚶 难度⭐️⭐️⭐️⭐️（含爬山） 🍁 从黄龙洞开始，登初阳台、蛤蟆峰俯瞰西湖苏堤，抱朴道院的静谧让人心静。下山到北山街的感受人间烟火气，走进玛瑙寺体会小众静谧。穿过西泠桥，到达孤山转角机位，再往前走是西湖十景之一“平湖秋月”，走过苏堤断桥就能回到市区 	 路线2️⃣：在西湖群山里吸氧观景 📍 虎跑公园➠满觉陇➠杨梅岭➠理安寺➠九溪烟树➠九溪公交站 🚶 难度⭐️⭐️⭐️（平地为主） 🍁 在虎跑公园的清晨，先打卡网红“枫王”，穿过满觉陇、杨梅岭，到理安寺感受禅意。再去探寻九溪烟树，沿着溪流，观赏枫叶和倒影 	 路线3️⃣：在寺庙的禅意里赏枫 📍 灵隐寺➠永福寺➠法喜寺➠十里琅珰➠云栖竹径/九溪烟树 🚶 难度⭐️⭐️⭐️（平地为主） 🍁 早晨先寻访灵隐寺、永福寺、法喜寺，西湖禅意最浓的寺庙，可以祈福观景。走到十里琅珰，俯看秋冬的茶田。然后可以选择到云栖竹径感受秋冬静谧，或者到九溪烟树观赏最经典的“枫”景 	 路线4️⃣：环湖漫步（完整版/懒人版） 📍 完整版：北山街➠玛瑙寺➠绿水芙蕖➠西泠桥➠孤山转角➠曲苑风荷➠郭庄➠茅家埠➠乌龟潭➠花港观鱼➠太子湾公园➠九曜山 📍懒人版：玛瑙寺➠绿水芙蕖➠西泠桥➠孤山转角➠平湖秋月➠曲院风荷➠郭庄➠花港观鱼➠太子湾 🚶 难度⭐️⭐️⭐️⭐️⭐️（含爬山，路程长） 🍁 如果你有体力，这是我最推荐的路线，覆盖西湖边80%的赏枫点，烟火气、静谧禅意、日落光晕、俯看西湖全景这条路线全都有 	 我是@陈烦烦 互联网打工人👩‍💻，利用年假旅行，分享旅行攻略和真实体验🥰 	 🍁你最爱的赏枫地是哪里呢？ 🌟想看看你拍的漂亮照片 	 #好好生活大赛[话题]# #杭州小众拍照[话题]# #镜头下的秋天有多美[话题]# #杭州旅游攻略[话题]# #不可错过的美景[话题]# #轻松徒步路线[话题]# #城市轻徒步[话题]# #西湖美景如画[话题]# #西湖一日游[话题]# #杭州周末[话题]#,"好好生活大赛, 杭州小众拍照, 镜头下的秋天有多美, 杭州旅游攻略, 不可错过的美景, 轻松徒步路线, 城市轻徒步, 西湖美景如画, 西湖一日游, 杭州周末"
杭州📷机位｜CityWalk打卡,📍杭州小众打卡机位，避开人群，大多数地点近地铁附近，交通便利。PS:无人机飞行需提前报备 2️⃣：巴尔干客栈，导航直巴尔干客栈，望仙阁亮灯时间19:00 3️⃣、4️⃣：小莲花和奥体中心同框，奥体中心地铁站E口附近 5️⃣、6️⃣：钟书阁 7️⃣：杭州印 8️⃣：望仙阁与城隍阁同框，江城路地铁站旁 9️⃣、🔟：西可科技园4号楼 1️⃣1️⃣：钱江湾文化中心，现在有保安看管，避开拍摄 1️⃣2️⃣：翠光亭，西湖旁边建议蓝调时刻拍摄，每周二、五、六晚上7点亮灯 1️⃣3️⃣：杭州洲际酒店，市民中心地铁口出来，乘电梯到达5楼大堂拍摄 1️⃣4️⃣：水澄桥地铁出来至六和塔，在桥下等待🚢穿过 1️⃣5️⃣：钱江世纪城，拍摄对面市民中心，建筑长焦段多角度拍摄，后期接片 1️⃣6️⃣：丰北地铁口，地铁口附近尚未开发 1️⃣7️⃣：香积寺 1️⃣8️⃣：神舟基地 #城市摄影[话题]# #记录我的城市[话题]# #人文景点分享[话题]# #城市探寻计划[话题]# #拍照打卡[话题]# #人文[话题]# #地标建筑[话题]# #建筑摄影[话题]# #城市风光[话题]# #爬楼党[话题]# #杭州[话题]# #杭州机位[话题]# #杭州摄影[话题]# #摄影[话题]# #摄影[话题]#,"城市摄影, 记录我的城市, 人文景点分享, 城市探寻计划, 拍照打卡, 人文, 地标建筑, 建筑摄影, 城市风光, 爬楼党, 杭州, 杭州机位, 杭州摄影, 摄影"
今日份街溜子，杭州本地人最爱的老citywalk,封面机位📍巴尔干客栈 晓霞弄充满烟火气的的巷道、远处望仙阁同框 	 🗺️路线： 河坊街-南宋御街-鼓楼-望仙阁-大马弄-十五奎巷-晓霞弄-伍公庙-城隍阁 	 🍢美食推荐 这三家都在南宋御街，里的都很近 1⃣️东伊顺-馕饼、羊肉串、千层馒头（碳水星人狂爱） 2⃣️龙翔臭豆腐-臭豆腐、炸年糕、炸粽子 3⃣️葱包烩儿-在后市街44小区对面，我局的杭州醉好吃的葱包烩 	 大马弄 1⃣️周萍粽子 2⃣️蒋师傅酥鱼 3⃣️游埠豆浆 4⃣️芳春煎饺 5⃣️油墩子 6⃣️甜酒酿 7⃣️菊英面馆 	 📷拍照机位 🔥📍巴尔干客栈：晓霞弄充满烟火气的的巷道、远处望仙阁同框 📍伍公庙：周边有很多本地人喝茶的地方 很有烟火气 🔥📍伍公庙石梯入口：可以拍到木门取景，再上去点可以拍到大半个河坊街 🔥📍望仙阁：可以爬上楼，拍对面山上的城隍阁 📍大马弄：吃东西的时候可以拍拍本地人的生活，适合扫街摄影 🔥📍城隍阁：可以远眺雷峰塔和西湖，从另一个角度来欣赏老杭州的美 	 #假日citywalk[话题]# #人文景点分享[话题]# #记录我的城市[话题]# #城市摄影[话题]# #城市探寻计划[话题]# #扫街[话题]# #城市风光[话题]# #杭州周末去哪儿[话题]# #杭州周末去哪玩[话题]# #家门口也有好风景[话题]# #杭州citywalk[话题]# #十五奎巷[话题]# #河坊街[话题]# #南宋御街[话题]# #杭州旅游[话题]# #杭州一日游[话题]#,"假日citywalk, 人文景点分享, 记录我的城市, 城市摄影, 城市探寻计划, 扫街, 城市风光, 杭州周末去哪儿, 杭州周末去哪玩, 家门口也有好风景, 杭州citywalk, 十五奎巷, 河坊街, 南宋御街, 杭州旅游, 杭州一日游"
12.6实拍，给12月去杭州的家人们😭,哭死，看了网上那么多攻略，怎么就没一个人告诉我淡季的杭州西湖也有这么多人呀👭 杭州真的很好玩，但是就比较容易踩坑，所以第一次去杭州一定要做好攻略！ 我把西湖的旅游路线整理出来了，大家码住呀❤️ . 找机位&学摄影🔍蚂蚁摄影.🅰.🅿.🅿 🈶️300➕景点旅游拍照攻略📖 🈶免💴摄影教程 . ✅西湖路线： 码头➡️三潭印月➡️花港观鱼➡️太子湾公园➡️净慈寺➡️雷峰塔➡️苏堤春晓➡️曲院风荷➡️西泠印社➡️平湖秋月➡️断桥➡️武林夜市 . ✅citywalk路线： 五柳巷➡️鼓楼➡️十五奎巷➡️大马弄➡️小河直街（体验杭州最原始的街道，有一些文艺感十足的小店，穿着新中式拍照很搭） . ✅三日游路线： 西湖➡️断桥残雪➡️曲苑风荷➡️苏堤➡️花港观鱼➡️雷峰塔 法喜寺➡️灵隐寺➡️杭州博物馆➡️河坊街➡️南宋御街 西溪湿地➡️杭州植物园➡️小河直街➡️拱宸桥➡️武林夜市 . 🎈备注： 灵隐寺进去后会免费发香，不需要提前购买⛩ 出门前要查看天气和温度，选择合适的衣物，早晚还是很凉的🧥 景区内不建议自己开车🚙，非常堵并且也没地方停车 西湖很大很大，一定要提前做好攻略规划好路线再行动，穿舒适的鞋子👟，不然会很累 像俯瞰西湖可以去北高峰，宝石山🌓 不爱吃酸甜口味的千万不要尝试西湖醋鱼🐟 想去博物馆需要提前预约，周一闭馆不要跑空 🍭可以尝一尝东坡肉、龙井虾仁、衢州菜、葱包烩、叫花童鸡，糟烩鞭笋 . #冬日旅行收藏夹[话题]##藏在小城里的冬天[话题]##镜头里的城市C机位[话题]# #小红书影像大赛[话题]# #在路上也在街上[话题]# #有国风小城[话题]# #蚂蚁摄影app[话题]# #杭州必去景点[话题]# #旅游[话题]# #旅游攻略[话题]# #旅行[话题]# #来拍照了[话题]# #拍照打卡[话题]# #杭州[话题]# #杭州旅游[话题]# #杭州拍照[话题]# #杭州自由行[话题]# #杭州拍照打卡[话题]# #杭州西湖旅游[话题]# #西湖[话题]# #西湖美景[话题]# #西湖十景[话题]# #杭州拍照圣地[话题]# #夜游西湖[话题]# #西湖夜景[话题]# #杭州夜景[话题]##旅行随手拍[话题]# #旅行随地大小拍[话题]# @户外薯 @生活薯 @摄影薯 #被低估的宝藏小城[话题]#,"冬日旅行收藏夹, 藏在小城里的冬天, 镜头里的城市C机位, 小红书影像大赛, 在路上也在街上, 有国风小城, 蚂蚁摄影app, 杭州必去景点, 旅游, 旅游攻略, 旅行, 来拍照了, 拍照打卡, 杭州, 杭州旅游, 杭州拍照, 杭州自由行, 杭州拍照打卡, 杭州西湖旅游, 西湖, 西湖美景, 西湖十景, 杭州拍照圣地, 夜游西湖, 西湖夜景, 杭州夜景, 旅行随手拍, 旅行随地大小拍, 被低估的宝藏小城"
西湖暴走3w步❗总结这条杭州一日游路线,杭州真心宝藏的秋天一日游路线： 🚩绿水芙蕖→西泠桥→孤山公园（直接从西泠桥头左边的小路上去，可依次游览西泠印社、绿云径、敬一书院、下山）→平湖秋月（梅鹤轩附近有超大两棵枫树）→白堤→北山街（街上的星爸爸里有最美窗景的打卡机位）→凤起路坐地铁回家 . 北山街打车比较堵，更建议地铁出行。乘坐地铁，一定要记得使用银联手机Pay❗不仅有半价的优惠，而且实测2元的票价，还只需要1分钱❗即使地铁信号不好，也可以照常使用，完全不用担心 不仅乘坐地铁，吃喝玩乐都可以使用银联pay，一拍即付，很方便！优惠商户和活动很多，可以尽情薅羊毛！下次去香港或者境外目的地，也一样可使用，安全也放心❤ . #杭州一日游[话题]##杭州旅游[话题]##杭州攻略[话题]##杭州旅行[话题]##西湖[话题]##西湖一日游[话题]##银联手机Pay一拍即付[话题]##不辜负每个周末[话题]##北山街[话题]##好好生活大赛[话题]##杭州秋天[话题]##杭州赏秋[话题]##杭州citywalk[话题]##秋游记[话题]##低头捡个秋[话题]#,"杭州一日游, 杭州旅游, 杭州攻略, 杭州旅行, 西湖, 西湖一日游, 银联手机Pay一拍即付, 不辜负每个周末, 北山街, 好好生活大赛, 杭州秋天, 杭州赏秋, 杭州citywalk, 秋游记, 低头捡个秋"
2025杭州Citywalk，文艺青年新年好彩头打卡,"#春节图鉴[话题]# 新年的脚步即将抵达，今天色彩打卡开启！享受晨间的光影，真是很出片！ 🕐2025.01.01-2025.02.12 ✔️分享下打卡心得： 从象山公社的西南门开始- 尔本咖啡-古巴文化展览馆-小别墅健身俱乐部-勺朵花房-苍美术馆-1221画廊-风迷骑行俱乐部（风迷咖啡）-色客小馆-黎明商店 从西南门开始打卡的话，大约30-40分钟可以完成打卡（地面也有指导打卡机位）。 👌个人比较喜欢的几个机位如下： 1，花房的蓝色打卡机位，白墙蓝色阶梯 ，非常好看 2，风迷俱乐部后门对面的红色机位，新年中国红肯定不能错过， 3，风迷俱乐部后门的光影，今天抓拍到了，如果是人像拍摄，就更好看了。 4，黎明商店上阶梯橘色打卡机位，人物上阶梯拍摄，非常适合。 💫冷知识：隐藏色彩打卡指南任意以下六家商铺消费即可参与抽奖福袋（这个挂件我很喜欢了） 🎊尔本咖啡Happiness 🏋️小别墅 健身俱乐部Health 🚲风迷骑行俱乐部&风迷咖啡Courage 👍色客小馆 融合餐厅Luck 💰黎明商店精酿酒馆Rich ‼️如果抽中的福袋正好是六家英文字母，就可以在当日消费店铺兑换盲盒大礼包！谁是这个幸运儿？ 😍😍另外：大草皮上还可以露营（但不支持明火）,简直是放松，遛娃好去处。 📍艺创小镇 象山艺术公社 🚇6号线直达象山美院 🅿️创意路上不花钱（但是有风险)/公社内停车库5r/时 #在路上也在街上[话题]# #新年拍照好地方[话题]# #citywalk[话题]# #杭州citywalk[话题]# #反向打卡[话题]# #杭州探店[话题]# #文艺打卡地[话题]# #新年拍照圣地[话题]#","春节图鉴, 在路上也在街上, 新年拍照好地方, citywalk, 杭州citywalk, 反向打卡, 杭州探店, 文艺打卡地, 新年拍照圣地"
这条citywalk0️⃣元打卡❸个绿野仙踪网红机位,走走停停拍照3小时，1.5w步，这条citywalk可以打卡三个“绿野仙踪”网红机位，西湖边的“秘境”地图🗺️p18，不走回头路。 1️⃣积义亭 2️⃣白蛇飞渡桥 3️⃣柳浪闻莺新横河桥 	 🤳拍摄时间：2024.9.25 	 🏃【徒步路线】 吴山广场 →积义亭 →革 命 纪念馆→万松书院/白蛇飞渡-长桥公园 （📷雷锋夕照）→南山路/浙江美术馆/学士公园→柳浪闻莺 🚇：吴山广场D出口 1️⃣ 积义亭：吴山的绿野仙踪 🚶路线：吴山广场D出口 ➡️右转上山， 【喂鸽亭】（5r一包），路口左转再右转5-6分钟到【江湖汇观亭】p4 拍城隍阁、保俶塔同框。远眺西湖美景。p5 现在栾树红了hen漂亮。往下走看到图⑥ 【积义亭】指示↗️右上 p6 拍人与景的话需要广角镜 	 2️⃣白蛇飞渡桥 打卡蔡依林走过的“爱情诗路”，万松书院外侧 🚶路线：积义亭往前左转看到一条木栅栏小路（p6右下）往左下方，途中有【革 命烈士纪念馆】 p9 穿过万松岭路看到【节义亭】p11（双节义碑：用于纪念“贫困守志，至死不移”的崔升夫妇），继续往右走50米。 📷机位 ❶摄影师入口马路上对面拍 ❷往前走一点（树）人站马路上方的桥段，如果同时下面有人走过，意境👍 ❹桥另一端小山坡，可拍全景 	 3️⃣ 长桥公园 p15 傍晚天气好的时候，可以拍“雷锋夕照”，长椅上休息看游船或野鸭、拍照氛围感👍 	 4️⃣学士公园 p14 高耸的杉树下红色长椅，黄的彼岸花开得正好，隔开南山路的喧闹，留下一处幽静之地，赏荷拍古风👍 	 5️⃣柳浪闻莺-新横河桥  p17 西湖十景之一，位于南屏山下的柳浪桥。在桥上听到莺鸟悦耳的啼鸣声，非 常美妙动人。桥上和桥下各站一个人，蛮有意境的呀 p3 	 🚶路线：p16 大门进去右手边有棵柳树的石板路➡️【闻莺馆】的景观石左转，往前走几步右转下去。人多需要排队。春天秋天蕞美。 	 【实 用 tips】 ❶从柳浪闻莺对面【勾山里】穿过去右转3分钟左右回吴山广场，逛花鸟市场、南宋御景，河坊街、鼓楼、胡雪岩故居等 ❷ 早上8-9点出发，到中午下来觅食，刚吃饭可以去银泰或高银街（河坊街的难吃） ❸‼️🌞 蚊虫 #城市探寻计划[话题]# #国庆慢慢游[话题]# #杭州游玩[话题]# #人少景美打卡地[话题]# #国庆我要慢慢玩[话题]# #国庆假期[话题]##杭州西湖[话题]#,"城市探寻计划, 国庆慢慢游, 杭州游玩, 人少景美打卡地, 国庆我要慢慢玩, 国庆假期, 杭州西湖"
2025西湖赏梅一日游❗轻松不累🌸附路线图,hello~我是陆柒 杭州的梅花已经相继盛开 西湖周边景区基本上都能赏梅 非常适合春日citywalk🚶 上周末实地去走了一遍，整理了这条赏梅路线👇 包含地点、路线图、花开程度🌸 . 💡整体路线：路线图见图2 钱王祠-长桥-净慈寺-浴鹄湾-慧因高丽寺-都景生故居-郭庄-湛碧楼-孤山 ⚠️整条路线耗时4-5h，可视情况删减 ⚠️慧因高丽寺、都景生故居⏰16:30关门，下午才出门的话行程会很赶 . ➊第一站：钱王祠 ▪🚇7号线吴山广场C口出，步行900m ▪🎫15/人，公园年卡/文旅卡免费 ▪腊梅、白梅、红梅🌸，开的都不错，预计下周到盛花期 . ➋第二站：长桥 ▪步行1.8km，或🚌公交坐3站，万松岭路口下 ▪emmm只看到一棵红梅，基本上只有花苞 . ➌第三站：净慈寺 ▪步行600m，或公交坐1站，雷峰塔站下 ▪门票🎫10/人，寺庙卡免费 ▪没找到网红机位，只看到入口处的几棵梅花🌸 . ➍第四站：浴鹄湾 ▪公交坐2站，赤山埠站下，再步行350m ▪只看到一棵红梅🌸，还没完全盛开 . ➎第五站：慧因高丽寺 ▪步行650m，⏰16:30关门，注意时间 ▪黄墙红梅，别有一番味道，巨美❗ . ➏第六站：都景生故居 ▪公交坐2站，茅家埠站下，⏰16:30关门 ▪大部分还是花苞的状态，盛花期还得等1-2周 . ➐第七站：郭庄 ▪步行1.7km，🚌公交无法直达❌ ▪园林湖景，梅花不多，大部分也都是花苞 . ➑第八站：湛碧楼 ▪步行500m ▪在装修❗不让进去❌❌大家可以跳过 . ➒第九站：孤山公园 ▪步行1km，公交无法直达且要转 ▪白梅基本上开了，绿梅大多是花苞 ▪夕阳下的西泠桥巨美❗❗ . 🔸目前西湖景区的梅花盛开程度只有50%左右，预计再过1-2周会全面盛开❗ 🔸除了以上提到的景点，时间充足的话还可以加上【植物园】-灵峰探梅 . #杭州旅游[话题]##杭州拍照[话题]##杭州梅花[话题]##杭州citywalk[话题]##西湖[话题]##新年旅行第一站[话题]##反向旅行出门遛遛[话题]##赏梅好去处[话题]##梅花[话题]##杭州赏梅路线[话题]##钱王祠[话题]##杭州周末去哪儿[话题]#,"杭州旅游, 杭州拍照, 杭州梅花, 杭州citywalk, 西湖, 新年旅行第一站, 反向旅行出门遛遛, 赏梅好去处, 梅花, 杭州赏梅路线, 钱王祠, 杭州周末去哪儿"
